sludinajuma_saite,bilde
/msg/lv/transport/cars/bmw/320/gohkl.html,https://i.ss.lv/gallery/6/1179/294549/58909642.th2.jpg
/msg/lv/transport/cars/bmw/530/bpppx.html,https://i.ss.lv/gallery/6/1178/294312/58862324.th2.jpg
/msg/lv/transport/cars/mitsubishi/colt/dlmpc.html,https://i.ss.lv/gallery/6/1171/292599/58519605.th2.jpg
/msg/lv/transport/cars/nissan/pathfinder/hbjxi.html,https://i.ss.lv/gallery/6/1179/294544/58908798.th2.jpg
/msg/lv/transport/cars/rover/75/gfpki.html,https://i.ss.lv/gallery/6/1166/291422/58284292.th2.jpg
/msg/lv/transport/cars/hyundai/i30/bjlpcm.html,https://i.ss.lv/gallery/6/1140/284846/56969070.th2.jpg
/msg/lv/transport/cars/volkswagen/multivan/clgfn.html,https://i.ss.lv/gallery/6/1179/294549/58909697.th2.jpg
/msg/lv/transport/cars/volkswagen/touareg/bdjpek.html,https://i.ss.lv/gallery/6/1125/281247/56249267.th2.jpg
/msg/lv/transport/cars/volkswagen/passat-b6/ngbnf.html,https://i.ss.lv/gallery/6/1179/294549/58909761.th2.jpg
/msg/lv/transport/cars/volkswagen/passat-b8/cxeokk.html,https://i.ss.lv/gallery/6/1179/294540/58907940.th2.jpg
/msg/lv/transport/cars/hyundai/i30/cxojfp.html,https://i.ss.lv/gallery/6/1130/282458/56491590.th2.jpg
/msg/lv/transport/cars/nissan/x-trail/epimn.html,https://i.ss.lv/gallery/6/1177/294098/58819572.th2.jpg
/msg/lv/transport/cars/mercedes/glc-200/cbhnli.html,https://i.ss.lv/gallery/6/1128/281951/56390149.th2.jpg
/msg/lv/transport/cars/honda/civic/cckjl.html,https://i.ss.lv/gallery/6/1179/294549/58909728.th2.jpg
/msg/lv/transport/cars/peugeot/partner/bbbnbc.html,https://i.ss.lv/gallery/6/1179/294549/58909737.th2.jpg
/msg/lv/transport/cars/volkswagen/multivan/bhkho.html,https://i.ss.lv/gallery/6/1176/293979/58795708.th2.jpg
/msg/lv/transport/cars/nissan/qashqai/booxlo.html,https://i.ss.lv/gallery/6/1179/294538/58907464.th2.jpg
/msg/lv/transport/cars/suzuki/vitara/jfepd.html,https://i.ss.lv/gallery/6/1178/294254/58850746.th2.jpg
/msg/lv/transport/cars/nissan/qashqai/bnxddg.html,https://i.ss.lv/gallery/6/1131/282690/56537814.th2.jpg
/msg/lv/transport/cars/volvo/v40/bphmp.html,https://i.ss.lv/gallery/6/1170/292406/58481131.th2.jpg
/msg/lv/transport/cars/volkswagen/touran/bdbjjk.html,https://i.ss.lv/gallery/6/1179/294549/58909624.th2.jpg
/msg/lv/transport/cars/volkswagen/transporter/bexfd.html,https://i.ss.lv/gallery/6/1159/289629/57925766.th2.jpg
/msg/lv/transport/cars/bmw/x6/echmn.html,https://i.ss.lv/gallery/6/1175/293652/58730329.th2.jpg
/msg/lv/transport/cars/volkswagen/multivan/flbpc.html,https://i.ss.lv/gallery/6/1179/294549/58909657.th2.jpg
/msg/lv/transport/cars/volkswagen/polo/jbifg.html,https://i.ss.lv/gallery/6/1177/294093/58818563.th2.jpg
/msg/lv/transport/cars/volkswagen/passat-b5/nhfho.html,https://i.ss.lv/gallery/6/1179/294548/58909499.th2.jpg
/msg/lv/transport/cars/nissan/juke/bpdbbp.html,https://i.ss.lv/gallery/6/1147/286541/57308012.th2.jpg
/msg/lv/transport/cars/skoda/roomster/kexij.html,https://i.ss.lv/gallery/6/1175/293533/58706442.th2.jpg
/msg/lv/transport/cars/bmw/330/bdpkbp.html,https://i.ss.lv/gallery/6/1179/294549/58909632.th2.jpg
/msg/lv/transport/cars/mercedes/cla180/cxhhim.html,https://i.ss.lv/gallery/6/1179/294548/58909560.th2.jpg
/msg/lv/transport/cars/hyundai/another/dolog.html,https://i.ss.lv/gallery/6/1104/275855/55170936.th2.jpg
/msg/lv/transport/cars/toyota/avensis/efgni.html,https://i.ss.lv/gallery/6/1179/294548/58909489.th2.jpg
/msg/lv/transport/cars/lexus/rx/cbipc.html,https://i.ss.lv/gallery/6/1179/294548/58909464.th2.jpg
/msg/lv/transport/cars/volkswagen/caddy/pecom.html,https://i.ss.lv/gallery/6/1027/256524/51304674.th2.jpg
/msg/lv/transport/cars/bmw/525/enbhp.html,https://i.ss.lv/gallery/6/1168/291940/58387851.th2.jpg
/msg/lv/transport/cars/lexus/gs/begbmg.html,https://i.ss.lv/gallery/6/1138/284499/56899627.th2.jpg
/msg/lv/transport/cars/audi/a3/bbejjl.html,https://i.ss.lv/gallery/6/1165/291145/58228969.th2.jpg
/msg/lv/transport/cars/audi/a4/cdmcd.html,https://i.ss.lv/gallery/6/1179/294548/58909521.th2.jpg
/msg/lv/transport/cars/audi/a4/enghx.html,https://i.ss.lv/gallery/6/1158/289306/57861031.th2.jpg
/msg/lv/transport/cars/volvo/v40/bxinpe.html,https://i.ss.lv/gallery/6/1100/274854/54970760.th2.jpg
/msg/lv/transport/cars/volvo/v50/blcbhc.html,https://i.ss.lv/gallery/6/1169/292061/58412161.th2.jpg
/msg/lv/transport/cars/honda/civic/cdbhh.html,https://i.ss.lv/gallery/6/1169/292061/58412113.th2.jpg
/msg/lv/transport/cars/nissan/juke/bpdxgg.html,https://i.ss.lv/gallery/6/1169/292060/58411949.th2.jpg
/msg/lv/transport/cars/opel/meriva/bidexc.html,https://i.ss.lv/gallery/6/1166/291464/58292711.th2.jpg
/msg/lv/transport/cars/hyundai/tucson/cxxbgn.html,https://i.ss.lv/gallery/6/1164/290928/58185467.th2.jpg
/msg/lv/transport/cars/bmw/x5/bhoomm.html,https://i.ss.lv/gallery/6/1179/294537/58907324.th2.jpg
/msg/lv/transport/cars/alfa-romeo/159/ffcmh.html,https://i.ss.lv/gallery/6/1179/294548/58909434.th2.jpg
/msg/lv/transport/cars/electric-cars/bmjlih.html,https://i.ss.lv/gallery/6/1179/294548/58909416.th2.jpg
/msg/lv/transport/cars/volkswagen/sharan/ailje.html,https://i.ss.lv/gallery/6/1177/294048/58809588.th2.jpg
/msg/lv/transport/cars/bmw/320/dpopl.html,https://i.ss.lv/gallery/6/1164/290765/58152843.th2.jpg
/msg/lv/transport/cars/electric-cars/cxbjxp.html,https://i.ss.lv/gallery/6/1179/294547/58909357.th2.jpg
/msg/lv/transport/cars/dacia/duster/cbiodx.html,https://i.ss.lv/gallery/6/1167/291735/58346909.th2.jpg
/msg/lv/transport/cars/volkswagen/golf-5/bclklf.html,https://i.ss.lv/gallery/6/1179/294547/58909311.th2.jpg
/msg/lv/transport/cars/toyota/auris/bnbihh.html,https://i.ss.lv/gallery/6/1157/289011/57802163.th2.jpg
/msg/lv/transport/cars/chrysler/pacifica/ahiio.html,https://i.ss.lv/gallery/6/1179/294547/58909317.th2.jpg
/msg/lv/transport/cars/ford/courier/dojfp.html,https://i.ss.lv/gallery/6/1179/294547/58909305.th2.jpg
/msg/lv/transport/cars/bmw/525/bhopd.html,https://i.ss.lv/gallery/6/1162/290388/58077511.th2.jpg
/msg/lv/transport/cars/volkswagen/golf-8/cbpphg.html,https://i.ss.lv/gallery/6/1169/292086/58417168.th2.jpg
/msg/lv/transport/cars/volvo/v70/bempeg.html,https://i.ss.lv/gallery/6/1179/294547/58909211.th2.jpg
/msg/lv/transport/cars/volkswagen/touareg/dobdm.html,https://i.ss.lv/gallery/6/1179/294546/58909185.th2.jpg
/msg/lv/transport/cars/volvo/xc90/bdmcfo.html,https://i.ss.lv/gallery/6/1175/293680/58735882.th2.jpg
/msg/lv/transport/cars/volkswagen/tiguan/bpegdo.html,https://i.ss.lv/gallery/6/1179/294546/58909114.th2.jpg
/msg/lv/transport/cars/jeep/grand-cherokee/hhnom.html,https://i.ss.lv/gallery/6/1078/269383/53876534.th2.jpg
/msg/lv/transport/cars/volvo/xc70/bldfgc.html,https://i.ss.lv/gallery/6/1174/293312/58662357.th2.jpg
/msg/lv/transport/cars/mercedes/s350/bijjk.html,https://i.ss.lv/gallery/6/1178/294314/58862608.th2.jpg
/msg/lv/transport/cars/opel/insignia/bpcdcb.html,https://i.ss.lv/gallery/6/1176/293993/58798503.th2.jpg
/msg/lv/transport/cars/toyota/highlander/blkgln.html,https://i.ss.lv/gallery/6/1119/279579/55915635.th2.jpg
/msg/lv/transport/cars/mercedes/ml430/bgnox.html,https://i.ss.lv/gallery/6/1176/293973/58794518.th2.jpg
/msg/lv/transport/cars/volkswagen/jetta/jfoef.html,https://i.ss.lv/gallery/6/1159/289659/57931793.th2.jpg
/msg/lv/transport/cars/volkswagen/passat-b8/cxeobg.html,https://i.ss.lv/gallery/6/1179/294545/58908947.th2.jpg
/msg/lv/transport/cars/volkswagen/passat-b8/cxeolb.html,https://i.ss.lv/gallery/6/1179/294545/58908910.th2.jpg
/msg/lv/transport/cars/peugeot/1007/fhipe.html,https://i.ss.lv/gallery/6/1179/294545/58908887.th2.jpg
/msg/lv/transport/cars/volkswagen/t4/cdogm.html,https://i.ss.lv/gallery/6/1139/284518/56903457.th2.jpg
/msg/lv/transport/cars/opel/vivaro/bhmifp.html,https://i.ss.lv/gallery/6/1145/286056/57211172.th2.jpg
/msg/lv/transport/cars/nissan/qashqai/khxec.html,https://i.ss.lv/gallery/6/1145/286197/57239331.th2.jpg
/msg/lv/transport/cars/volvo/s60/bgooxj.html,https://i.ss.lv/gallery/6/1044/260927/52185328.th2.jpg
/msg/lv/transport/cars/nissan/juke/bgbgji.html,https://i.ss.lv/gallery/6/1170/292329/58465788.th2.jpg
/msg/lv/transport/cars/skoda/octavia/bckndi.html,https://i.ss.lv/gallery/6/1179/294532/58906208.th2.jpg
/msg/lv/transport/cars/audi/a6/ggbjb.html,https://i.ss.lv/gallery/6/1179/294545/58908805.th2.jpg
/msg/lv/transport/cars/bmw/750/igcjd.html,https://i.ss.lv/gallery/6/1179/294544/58908636.th2.jpg
/msg/lv/transport/cars/opel/zafira/gofkn.html,https://i.ss.lv/gallery/6/1173/293005/58600858.th2.jpg
/msg/lv/transport/cars/skoda/octavia/cxxpmb.html,https://i.ss.lv/gallery/6/1172/292842/58568236.th2.jpg
/msg/lv/transport/cars/chevrolet/trailblazer/abgif.html,https://i.ss.lv/gallery/6/1125/281146/56229071.th2.jpg
/msg/lv/transport/cars/volkswagen/multivan/eeomc.html,https://i.ss.lv/gallery/6/1100/274890/54977980.th2.jpg
/msg/lv/transport/cars/renault/master/bebgox.html,https://i.ss.lv/gallery/6/1179/294539/58907605.th2.jpg
/msg/lv/transport/cars/bmw/530/ffeip.html,https://i.ss.lv/gallery/6/1142/285454/57090724.th2.jpg
/msg/lv/transport/cars/kia/stonic/bpxhfb.html,https://i.ss.lv/gallery/6/1145/286126/57225029.th2.jpg
/msg/lv/transport/cars/skoda/superb/cbifjb.html,https://i.ss.lv/gallery/6/1179/294542/58908400.th2.jpg
/msg/lv/transport/cars/audi/a6/goofg.html,https://i.ss.lv/gallery/6/1148/286904/57380625.th2.jpg
/msg/lv/transport/cars/volvo/xc60/cxdbmk.html,https://i.ss.lv/gallery/6/1174/293468/58693590.th2.jpg
/msg/lv/transport/cars/opel/insignia/bgmcde.html,https://i.ss.lv/gallery/6/1179/294542/58908320.th2.jpg
/msg/lv/transport/cars/kia/sportage/bkopgn.html,https://i.ss.lv/gallery/6/1171/292558/58511422.th2.jpg
/msg/lv/transport/cars/opel/insignia/bpgiei.html,https://i.ss.lv/gallery/6/1169/292176/58435012.th2.jpg
/msg/lv/transport/cars/kia/sportage/blimp.html,https://i.ss.lv/gallery/6/1158/289311/57862199.th2.jpg
/msg/lv/transport/cars/audi/80/elgbf.html,https://i.ss.lv/gallery/6/1177/294172/58834363.th2.jpg
/msg/lv/transport/cars/bmw/x5/akpph.html,https://i.ss.lv/gallery/6/1179/294540/58907853.th2.jpg
/msg/lv/transport/cars/volvo/v70/behpho.html,https://i.ss.lv/gallery/6/1172/292769/58553799.th2.jpg
/msg/lv/transport/cars/volvo/xc90/blomx.html,https://i.ss.lv/gallery/6/1172/292868/58573583.th2.jpg
/msg/lv/transport/cars/honda/cr-v/cggdp.html,https://i.ss.lv/gallery/6/1154/288487/57697251.th2.jpg
/msg/lv/transport/cars/bmw/320/bekmle.html,https://i.ss.lv/gallery/6/1177/294213/58842545.th2.jpg
/msg/lv/transport/cars/volvo/xc70/mheck.html,https://i.ss.lv/gallery/6/1164/290956/58191159.th2.jpg
/msg/lv/transport/cars/bmw/530/fedxl.html,https://i.ss.lv/gallery/6/1159/289640/57927983.th2.jpg
/msg/lv/transport/cars/toyota/corolla/cehig.html,https://i.ss.lv/gallery/6/1179/294542/58908389.th2.jpg
/msg/lv/transport/cars/volvo/v50/bnboox.html,https://i.ss.lv/gallery/6/1139/284580/56915861.th2.jpg
/msg/lv/transport/cars/land-rover/discovery/bllom.html,https://i.ss.lv/gallery/6/1176/293851/58770038.th2.jpg
/msg/lv/transport/cars/land-rover/discovery/egkpd.html,https://i.ss.lv/gallery/6/1163/290522/58104216.th2.jpg
/msg/lv/transport/cars/volvo/s80/abddi.html,https://i.ss.lv/gallery/6/1172/292769/58553723.th2.jpg
/msg/lv/transport/cars/volkswagen/touran/bbnfnx.html,https://i.ss.lv/gallery/6/1179/294541/58908154.th2.jpg
/msg/lv/transport/cars/skoda/fabia/bkmeh.html,https://i.ss.lv/gallery/6/1179/294542/58908256.th2.jpg
/msg/lv/transport/cars/mitsubishi/outlander/bpmck.html,https://i.ss.lv/gallery/6/1179/294542/58908230.th2.jpg
/msg/lv/transport/cars/audi/a4/hdkko.html,https://i.ss.lv/gallery/6/1179/294542/58908277.th2.jpg
/msg/lv/transport/cars/renault/clio/dkxhd.html,https://i.ss.lv/gallery/6/1179/294542/58908240.th2.jpg
/msg/lv/transport/cars/mercedes/vito/fbjxx.html,https://i.ss.lv/gallery/6/1156/288796/57759088.th2.jpg
/msg/lv/transport/cars/bmw/118/bpibfk.html,https://i.ss.lv/gallery/6/1155/288698/57739449.th2.jpg
/msg/lv/transport/cars/land-rover/range-rover-sport/bfophl.html,https://i.ss.lv/gallery/6/1169/292073/58414494.th2.jpg
/msg/lv/transport/cars/mazda/mazda6/cdjcj.html,https://i.ss.lv/gallery/6/1147/286616/57323084.th2.jpg
/msg/lv/transport/cars/hyundai/i40/bmbcbp.html,https://i.ss.lv/gallery/6/1177/294220/58843965.th2.jpg
/msg/lv/transport/cars/lexus/ux/cxgcjf.html,https://i.ss.lv/gallery/6/1173/293155/58630853.th2.jpg
/msg/lv/transport/cars/bmw/320/fndfe.html,https://i.ss.lv/gallery/6/1179/294541/58908189.th2.jpg
/msg/lv/transport/cars/mercedes/sprinter/fgdgb.html,https://i.ss.lv/gallery/6/1142/285429/57085698.th2.jpg
/msg/lv/transport/cars/mercedes/gla200/bpmjoh.html,https://i.ss.lv/gallery/6/1169/292202/58440335.th2.jpg
/msg/lv/transport/cars/bmw/316/dckcj.html,https://i.ss.lv/gallery/6/1179/294541/58908151.th2.jpg
/msg/lv/transport/cars/renault/grandespace/jngfj.html,https://i.ss.lv/gallery/6/1169/292119/58423754.th2.jpg
/msg/lv/transport/cars/nissan/qashqai/kcogf.html,https://i.ss.lv/gallery/6/1156/288936/57787113.th2.jpg
/msg/lv/transport/cars/hyundai/santa-fe/bdcdex.html,https://i.ss.lv/gallery/6/1179/294541/58908059.th2.jpg
/msg/lv/transport/cars/volkswagen/taigo/cbifol.html,https://i.ss.lv/gallery/6/1179/294541/58908134.th2.jpg
/msg/lv/transport/cars/mercedes/s500/bkdoc.html,https://i.ss.lv/gallery/6/1164/290955/58190833.th2.jpg
/msg/lv/transport/cars/bmw/530/ejgkk.html,https://i.ss.lv/gallery/6/1163/290674/58134774.th2.jpg
/msg/lv/transport/cars/mitsubishi/outlander/aiphi.html,https://i.ss.lv/gallery/6/1173/293158/58631594.th2.jpg
/msg/lv/transport/cars/volkswagen/tiguan/bijekg.html,https://i.ss.lv/gallery/6/1179/294540/58907870.th2.jpg
/msg/lv/transport/cars/toyota/rav-4/dcmgm.html,https://i.ss.lv/gallery/6/1165/291019/58203706.th2.jpg
/msg/lv/transport/cars/toyota/yaris/cbpkmj.html,https://i.ss.lv/gallery/6/1137/284112/56822364.th2.jpg
/msg/lv/transport/cars/renault/trafic/ahgkc.html,https://i.ss.lv/gallery/6/1171/292559/58511629.th2.jpg
/msg/lv/transport/cars/renault/kangoo/chnel.html,https://i.ss.lv/gallery/6/1179/294541/58908026.th2.jpg
/msg/lv/transport/cars/toyota/land-cruiser/apxch.html,https://i.ss.lv/gallery/6/1110/277462/55492264.th2.jpg
/msg/lv/transport/cars/citroen/xsara/dmbnb.html,https://i.ss.lv/gallery/6/1007/251669/50333667.th2.jpg
/msg/lv/transport/cars/renault/scenic/clfix.html,https://i.ss.lv/gallery/6/1104/275847/55169307.th2.jpg
/msg/lv/transport/cars/volkswagen/taigo/cbehfi.html,https://i.ss.lv/gallery/6/1179/294540/58907973.th2.jpg
/msg/lv/transport/cars/bmw/525/ghifd.html,https://i.ss.lv/gallery/6/1179/294540/58907823.th2.jpg
/msg/lv/transport/cars/alfa-romeo/giulia/bomnhj.html,https://i.ss.lv/gallery/6/1179/294540/58907807.th2.jpg
/msg/lv/transport/cars/volvo/xc90/kbmli.html,https://i.ss.lv/gallery/6/1172/292903/58580543.th2.jpg
/msg/lv/transport/cars/mercedes/e200/eggid.html,https://i.ss.lv/gallery/6/1147/286673/57334479.th2.jpg
/msg/lv/transport/cars/renault/master/bdpnlj.html,https://i.ss.lv/gallery/6/1153/288007/57601267.th2.jpg
/msg/lv/transport/cars/mercedes/ml230/ahioh.html,https://i.ss.lv/gallery/6/1179/294539/58907745.th2.jpg
/msg/lv/transport/cars/skoda/superb/cbihme.html,https://i.ss.lv/gallery/6/1179/294539/58907715.th2.jpg
/msg/lv/transport/cars/ford/focus/fbfgj.html,https://i.ss.lv/gallery/6/1124/280919/56183610.th2.jpg
/msg/lv/transport/cars/mercedes/citan/ccxmpb.html,https://i.ss.lv/gallery/6/1156/288792/57758338.th2.jpg
/msg/lv/transport/cars/audi/a4/bgghx.html,https://i.ss.lv/gallery/6/1140/284987/56997397.th2.jpg
/msg/lv/transport/cars/volvo/c30/bhkldi.html,https://i.ss.lv/gallery/6/1156/288948/57789450.th2.jpg
/msg/lv/transport/cars/volkswagen/golf-7/bonnof.html,https://i.ss.lv/gallery/6/1170/292481/58496121.th2.jpg
